{
    "LastBonfireID": 4,
    "hasDoubleJump": true,
    "hasGroundPound": true,
    "hasParry": true,
    "hasDash": true,
    "hasAxe": true,
    "level": 1.0,
    "exp": 0.0,
    "maxSyringe": 0.0,
    "syringePower": 0.0,
    "maxHP": 100.0,
    "attackPower": 15.0,
    "attackSpeed": 0.4000000059604645,
    "attackReach": 4.0,
    "bonfires": [
        {
            "BonfireID": 0,
            "BonfirePos": {
                "x": 0.0,
                "y": 6.420000076293945,
                "z": 73.13999938964844
            }
        },
        {
            "BonfireID": 1,
            "BonfirePos": {
                "x": 0.5299999713897705,
                "y": 24.18000030517578,
                "z": -54.619998931884769
            }
        },
        {
            "BonfireID": 2,
            "BonfirePos": {
                "x": 12.359999656677246,
                "y": 14.559000015258789,
                "z": -63.77000045776367
            }
        },
        {
            "BonfireID": 3,
            "BonfirePos": {
                "x": -126.19999694824219,
                "y": 67.9010009765625,
                "z": -11.242680549621582
            }
        }
    ],
    "bosses": []
}